<application>
  <component name="FileTypeManager" version="17">
    <extensionMap>
      <mapping pattern="pack.mcmeta" type="JSON" />
      <mapping pattern="example_button" type="JSON" />
      <mapping pattern="syringe" type="JSON" />
      <mapping pattern="example_spawn_egg" type="JSON" />
      <mapping pattern="mcmod.info" type="JSON" />
      <mapping pattern="example_pressure_plate" type="JSON" />
      <mapping pattern="example_stairs" type="JSON" />
      <mapping ext="main.kts" type="Kotlin" />
      <mapping ext="gradle.kts" type="Kotlin" />
      <mapping pattern="fragmentShader" type="PLAIN_TEXT" />
      <mapping pattern="sss" type="PLAIN_TEXT" />
      <mapping pattern="example_item" type="PLAIN_TEXT" />
      <mapping pattern="vertexShader" type="PLAIN_TEXT" />
      <mapping ext="mcmeta" type="PLAIN_TEXT" />
    </extensionMap>
  </component>
</application>