<application>
  <component name="MaterialThemeConfig">
    <option name="highContrast" value="true" />
    <option name="isHighContrast" value="true" />
    <option name="isWizardShown" value="true" />
    <option name="upperCaseButtons" value="false" />
    <option name="useMaterialWallpapers" value="true" />
    <option name="useProjectFrame" value="true" />
    <option name="accentColor" value="5b91ff" />
    <option name="selectedTheme" value="NATIVE" />
    <option name="userId" value="-7e7374d9:176a68e535d:-8000" />
    <option name="version" value="5.2.0" />
  </component>
</application>